-- accommodation add query
INSERT INTO accommodation (accommodation_id, name, location, description, price, rating, thumbnail_path)
VALUES
    (1, '오소한옥', '경상북도 경주시 남산예길 99-4 (남산동)', '- 인원 : 기준 2명 / 최대 4명\n- 기준인원 초과 시 1인당 15,000원 추가됩니다.\n- 객실 정보: 원룸형 / 15평\n- 구비 시설: 침대, 에어컨, TV, 냉장고, 전자레인지, 화장지, 드라이기, 수저, 컵 , 접시', 75000, 4.3, '/images/accommodateThumbs/thumb1.png'),
    (2, '한옥인', '경주시 포석로1050번길 19 (황남동)', '- 인원 : 기준 2명 / 최대 4명\n- 기준인원 초과 시 1인당 15,000원 추가됩니다.\n- 객실 정보: 원룸형 / 15평\n- 구비 시설: 침대, 에어컨, TV, 냉장고, 전자레인지, 화장지, 드라이기, 수저, 컵 , 접시', 68000, 4.2, '/images/accommodateThumbs/thumb2.png'),
    (3, '휴휴당', '경주시 첨성로99번길 25-10', '- 인원 : 기준 2명 / 최대 4명\n- 기준인원 초과 시 1인당 15,000원 추가됩니다.\n- 객실 정보: 원룸형 / 15평\n- 구비 시설: 침대, 에어컨, TV, 냉장고, 전자레인지, 화장지, 드라이기, 수저, 컵 , 접시', 87000, 4.4, '/images/accommodateThumbs/thumb3.png'),
    (4, '춘추관 한옥펜션', '경주시 대경로 4821-5', '- 인원 : 기준 2명 / 최대 4명\n- 기준인원 초과 시 1인당 15,000원 추가됩니다.\n- 객실 정보: 원룸형 / 15평\n- 구비 시설: 침대, 에어컨, TV, 냉장고, 전자레인지, 화장지, 드라이기, 수저, 컵 , 접시', 78000, 4.4, '/images/accommodateThumbs/thumb4.png'),
    (5, '원화루', '경주시 포석로 828-21', '- 인원 : 기준 2명 / 최대 4명\n- 기준인원 초과 시 1인당 15,000원 추가됩니다.\n- 객실 정보: 원룸형 / 15평\n- 구비 시설: 침대, 에어컨, TV, 냉장고, 전자레인지, 화장지, 드라이기, 수저, 컵 , 접시', 81000, 4.2, '/images/accommodateThumbs/thumb5.png'),
    (6, '아라뜰펜션', '경주시 감포로 10길 40-7', '- 인원 : 기준 2명 / 최대 4명\n- 기준인원 초과 시 1인당 15,000원 추가됩니다.\n- 객실 정보: 원룸형 / 15평\n- 구비 시설: 침대, 에어컨, TV, 냉장고, 전자레인지, 화장지, 드라이기, 수저, 컵 , 접시', 71000, 4.4, '/images/accommodateThumbs/thumb6.png'),
    (7, '석굴암 한옥', '경주시 불국로 873-252', '- 인원 : 기준 2명 / 최대 4명\n- 기준인원 초과 시 1인당 15,000원 추가됩니다.\n- 객실 정보: 원룸형 / 15평\n- 구비 시설: 침대, 에어컨, TV, 냉장고, 전자레인지, 화장지, 드라이기, 수저, 컵 , 접시', 68000, 4.4, '/images/accommodateThumbs/thumb7.png'),
    (8, '나들한옥', '경주시 쪽샘길 4-1 (인왕동 814-3)', '- 인원 : 기준 2명 / 최대 4명\n- 기준인원 초과 시 1인당 15,000원 추가됩니다.\n- 객실 정보: 원룸형 / 15평\n- 구비 시설: 침대, 에어컨, TV, 냉장고, 전자레인지, 화장지, 드라이기, 수저, 컵 , 접시', 81000, 4.2, '/images/accommodateThumbs/thumb8.png'),
    (9, '천마한옥', '경주시 첨성로 81번길 22-11 (황남동)', '- 인원 : 기준 2명 / 최대 4명\n- 기준인원 초과 시 1인당 15,000원 추가됩니다.\n- 객실 정보: 원룸형 / 15평\n- 구비 시설: 침대, 에어컨, TV, 냉장고, 전자레인지, 화장지, 드라이기, 수저, 컵 , 접시', 68000, 4.3, '/images/accommodateThumbs/thumb9.png'),
    (10, '경주 감포한옥펜션', '경주시 감포읍 감포리 139-2', '- 인원 : 기준 2명 / 최대 4명\n- 기준인원 초과 시 1인당 15,000원 추가됩니다.\n- 객실 정보: 원룸형 / 15평\n- 구비 시설: 침대, 에어컨, TV, 냉장고, 전자레인지, 화장지, 드라이기, 수저, 컵 , 접시', 71000, 4.4, '/images/accommodateThumbs/thumb10.png'),
    (11, '시우와당', '경주시 첨성로 99번길 21 (황남동)', '- 인원 : 기준 2명 / 최대 4명\n- 기준인원 초과 시 1인당 15,000원 추가됩니다.\n- 객실 정보: 원룸형 / 15평\n- 구비 시설: 침대, 에어컨, TV, 냉장고, 전자레인지, 화장지, 드라이기, 수저, 컵 , 접시', 81000, 4.3, '/images/accommodateThumbs/thumb11.png'),
    (12, '경주엔 한옥펜션', '경주시 충효서악길 83', '- 인원 : 기준 2명 / 최대 4명\n- 기준인원 초과 시 1인당 15,000원 추가됩니다.\n- 객실 정보: 원룸형 / 15평\n- 구비 시설: 침대, 에어컨, TV, 냉장고, 전자레인지, 화장지, 드라이기, 수저, 컵 , 접시', 75000, 4.2, '/images/accommodateThumbs/thumb12.png');

-- room add query
INSERT INTO room (room_id, room_type, accommodation_id)
VALUES
    (1, '싱글', 1),
    (2, '더블', 1),
    (3, '싱글', 2),
    (4, '더블', 2),
    (5, '싱글', 3),
    (6, '더블', 3),
    (7, '더블', 4),
    (8, '스위트', 4),
    (9, '싱글', 5),
    (10, '더블', 5),
    (11, '싱글', 6),
    (12, '더블', 6),
    (13, '싱글', 7),
    (14, '더블', 7),
    (15, '더블', 8),
    (16, '스위트', 8),
    (17, '싱글', 9),
    (18, '더블', 9),
    (19, '싱글', 10),
    (20, '더블', 10),
    (21, '싱글', 11),
    (22, '더블', 11),
    (23, '더블', 12),
    (24, '스위트', 12);

-- room_availability add query (숙소1: 7개, 숙소2: 6개, 숙소3: 6개, 숙소4: 6개, 숙소5: 5개, 숙소6: 5개, 숙소7: 6개, 숙소8: 6개, 숙소9: 6개, 숙소10: 6개, 숙소11: 6개, 숙소12: 6개)
INSERT INTO room_availability (availability_id, available_count, total_count, date, room_id)
values
    (1, 3, 3, '2024-11-27', 1),
    (2, 4, 4, '2024-11-27', 2),
    (3, 3, 3, '2024-11-27', 3),
    (4, 3, 3, '2024-11-27', 4),
    (5, 3, 3, '2024-11-27', 5),
    (6, 3, 3, '2024-11-27', 6),
    (7, 3, 3, '2024-11-27', 7),
    (8, 3, 3, '2024-11-27', 8),
    (9, 3, 3, '2024-11-27', 9),
    (10, 2, 2, '2024-11-27', 10),
    (11, 3, 3, '2024-11-27', 11),
    (12, 2, 2, '2024-11-27', 12),
    (13, 3, 3, '2024-11-27', 13),
    (14, 3, 3, '2024-11-27', 14),
    (15, 3, 3, '2024-11-27', 15),
    (16, 3, 3, '2024-11-27', 16),
    (17, 3, 3, '2024-11-27', 17),
    (18, 3, 3, '2024-11-27', 18),
    (19, 3, 3, '2024-11-27', 19),
    (20, 3, 3, '2024-11-27', 20),
    (21, 3, 3, '2024-11-27', 21),
    (22, 3, 3, '2024-11-27', 22),
    (23, 3, 3, '2024-11-27', 23),
    (24, 3, 3, '2024-11-27', 24);

-- 남은 방 수 조회를 위해 room_availability에 반드시 있어야하는 데이터
-- 날짜 11.29 ~ 12.09 에 해당하는 예약 가능한 방 수 데이터 추가
INSERT INTO room_availability (availability_id, available_count, total_count, date, room_id)
values
    (25, 3, 3, '2024-11-28', 1),
    (26, 4, 4, '2024-11-28', 2),
    (27, 3, 3, '2024-11-28', 3),
    (28, 3, 3, '2024-11-28', 4),
    (29, 3, 3, '2024-11-28', 5),
    (30, 3, 3, '2024-11-28', 6),
    (31, 3, 3, '2024-11-28', 7),
    (32, 3, 3, '2024-11-28', 8),
    (33, 3, 3, '2024-11-28', 9),
    (34, 2, 2, '2024-11-28', 10),
    (35, 3, 3, '2024-11-28', 11),
    (36, 2, 2, '2024-11-28', 12),
    (37, 3, 3, '2024-11-28', 13),
    (38, 3, 3, '2024-11-28', 14),
    (39, 3, 3, '2024-11-28', 15),
    (40, 3, 3, '2024-11-28', 16),
    (41, 3, 3, '2024-11-28', 17),
    (42, 3, 3, '2024-11-28', 18),
    (43, 3, 3, '2024-11-28', 19),
    (44, 3, 3, '2024-11-28', 20),
    (45, 3, 3, '2024-11-28', 21),
    (46, 3, 3, '2024-11-28', 22),
    (47, 3, 3, '2024-11-28', 23),
    (48, 3, 3, '2024-11-28', 24),
    (49, 3, 3, '2024-11-29', 1),
    (50, 4, 4, '2024-11-29', 2),
    (51, 3, 3, '2024-11-29', 3),
    (52, 3, 3, '2024-11-29', 4),
    (53, 3, 3, '2024-11-29', 5),
    (54, 3, 3, '2024-11-29', 6),
    (55, 3, 3, '2024-11-29', 7),
    (56, 3, 3, '2024-11-29', 8),
    (57, 3, 3, '2024-11-29', 9),
    (58, 2, 2, '2024-11-29', 10),
    (59, 3, 3, '2024-11-29', 11),
    (60, 2, 2, '2024-11-29', 12),
    (61, 3, 3, '2024-11-29', 13),
    (62, 3, 3, '2024-11-29', 14),
    (63, 3, 3, '2024-11-29', 15),
    (64, 3, 3, '2024-11-29', 16),
    (65, 3, 3, '2024-11-29', 17),
    (66, 3, 3, '2024-11-29', 18),
    (67, 3, 3, '2024-11-29', 19),
    (68, 3, 3, '2024-11-29', 20),
    (69, 3, 3, '2024-11-29', 21),
    (70, 3, 3, '2024-11-29', 22),
    (71, 3, 3, '2024-11-29', 23),
    (72, 3, 3, '2024-11-29', 24),
    (73, 3, 3, '2024-11-30', 1),
    (74, 4, 4, '2024-11-30', 2),
    (75, 3, 3, '2024-11-30', 3),
    (76, 3, 3, '2024-11-30', 4),
    (77, 3, 3, '2024-11-30', 5),
    (78, 3, 3, '2024-11-30', 6),
    (79, 3, 3, '2024-11-30', 7),
    (80, 3, 3, '2024-11-30', 8),
    (81, 3, 3, '2024-11-30', 9),
    (82, 2, 2, '2024-11-30', 10),
    (83, 3, 3, '2024-11-30', 11),
    (84, 2, 2, '2024-11-30', 12),
    (85, 3, 3, '2024-11-30', 13),
    (86, 3, 3, '2024-11-30', 14),
    (87, 3, 3, '2024-11-30', 15),
    (88, 3, 3, '2024-11-30', 16),
    (89, 3, 3, '2024-11-30', 17),
    (90, 3, 3, '2024-11-30', 18),
    (91, 3, 3, '2024-11-30', 19),
    (92, 3, 3, '2024-11-30', 20),
    (93, 3, 3, '2024-11-30', 21),
    (94, 3, 3, '2024-11-30', 22),
    (95, 3, 3, '2024-11-30', 23),
    (96, 3, 3, '2024-11-30', 24),
    (97, 3, 3, '2024-12-01', 1),
    (98, 4, 4, '2024-12-01', 2),
    (99, 3, 3, '2024-12-01', 3),
    (100, 3, 3, '2024-12-01', 4),
    (101, 3, 3, '2024-12-01', 5),
    (102, 3, 3, '2024-12-01', 6),
    (103, 3, 3, '2024-12-01', 7),
    (104, 3, 3, '2024-12-01', 8),
    (105, 3, 3, '2024-12-01', 9),
    (106, 2, 2, '2024-12-01', 10),
    (107, 3, 3, '2024-12-01', 11),
    (108, 2, 2, '2024-12-01', 12),
    (109, 3, 3, '2024-12-01', 13),
    (110, 3, 3, '2024-12-01', 14),
    (111, 3, 3, '2024-12-01', 15),
    (112, 3, 3, '2024-12-01', 16),
    (113, 3, 3, '2024-12-01', 17),
    (114, 3, 3, '2024-12-01', 18),
    (115, 3, 3, '2024-12-01', 19),
    (116, 3, 3, '2024-12-01', 20),
    (117, 3, 3, '2024-12-01', 21),
    (118, 3, 3, '2024-12-01', 22),
    (119, 3, 3, '2024-12-01', 23),
    (120, 3, 3, '2024-12-01', 24),
    (121, 3, 3, '2024-12-02', 1),
    (122, 4, 4, '2024-12-02', 2),
    (123, 3, 3, '2024-12-02', 3),
    (124, 3, 3, '2024-12-02', 4),
    (125, 3, 3, '2024-12-02', 5),
    (126, 3, 3, '2024-12-02', 6),
    (127, 3, 3, '2024-12-02', 7),
    (128, 3, 3, '2024-12-02', 8),
    (129, 3, 3, '2024-12-02', 9),
    (130, 2, 2, '2024-12-02', 10),
    (131, 3, 3, '2024-12-02', 11),
    (132, 2, 2, '2024-12-02', 12),
    (133, 3, 3, '2024-12-02', 13),
    (134, 3, 3, '2024-12-02', 14),
    (135, 3, 3, '2024-12-02', 15),
    (136, 3, 3, '2024-12-02', 16),
    (137, 3, 3, '2024-12-02', 17),
    (138, 3, 3, '2024-12-02', 18),
    (139, 3, 3, '2024-12-02', 19),
    (140, 3, 3, '2024-12-02', 20),
    (141, 3, 3, '2024-12-02', 21),
    (142, 3, 3, '2024-12-02', 22),
    (143, 3, 3, '2024-12-02', 23),
    (144, 3, 3, '2024-12-02', 24),
    (145, 3, 3, '2024-12-03', 1),
    (146, 4, 4, '2024-12-03', 2),
    (147, 3, 3, '2024-12-03', 3),
    (148, 3, 3, '2024-12-03', 4),
    (149, 3, 3, '2024-12-03', 5),
    (150, 3, 3, '2024-12-03', 6),
    (151, 3, 3, '2024-12-03', 7),
    (152, 3, 3, '2024-12-03', 8),
    (153, 3, 3, '2024-12-03', 9),
    (154, 2, 2, '2024-12-03', 10),
    (155, 3, 3, '2024-12-03', 11),
    (156, 2, 2, '2024-12-03', 12),
    (157, 3, 3, '2024-12-03', 13),
    (158, 3, 3, '2024-12-03', 14),
    (159, 3, 3, '2024-12-03', 15),
    (160, 3, 3, '2024-12-03', 16),
    (161, 3, 3, '2024-12-03', 17),
    (162, 3, 3, '2024-12-03', 18),
    (163, 3, 3, '2024-12-03', 19),
    (164, 3, 3, '2024-12-03', 20),
    (165, 3, 3, '2024-12-03', 21),
    (166, 3, 3, '2024-12-03', 22),
    (167, 3, 3, '2024-12-03', 23),
    (168, 3, 3, '2024-12-03', 24),
    (169, 3, 3, '2024-12-04', 1),
    (170, 4, 4, '2024-12-04', 2),
    (171, 3, 3, '2024-12-04', 3),
    (172, 3, 3, '2024-12-04', 4),
    (173, 3, 3, '2024-12-04', 5),
    (174, 3, 3, '2024-12-04', 6),
    (175, 3, 3, '2024-12-04', 7),
    (176, 3, 3, '2024-12-04', 8),
    (177, 3, 3, '2024-12-04', 9),
    (178, 2, 2, '2024-12-04', 10),
    (179, 3, 3, '2024-12-04', 11),
    (180, 2, 2, '2024-12-04', 12),
    (181, 3, 3, '2024-12-04', 13),
    (182, 3, 3, '2024-12-04', 14),
    (183, 3, 3, '2024-12-04', 15),
    (184, 3, 3, '2024-12-04', 16),
    (185, 3, 3, '2024-12-04', 17),
    (186, 3, 3, '2024-12-04', 18),
    (187, 3, 3, '2024-12-04', 19),
    (188, 3, 3, '2024-12-04', 20),
    (189, 3, 3, '2024-12-04', 21),
    (190, 3, 3, '2024-12-04', 22),
    (191, 3, 3, '2024-12-04', 23),
    (192, 3, 3, '2024-12-04', 24),
    (193, 3, 3, '2024-12-05', 1),
    (194, 4, 4, '2024-12-05', 2),
    (195, 3, 3, '2024-12-05', 3),
    (196, 3, 3, '2024-12-05', 4),
    (197, 3, 3, '2024-12-05', 5),
    (198, 3, 3, '2024-12-05', 6),
    (199, 3, 3, '2024-12-05', 7),
    (200, 3, 3, '2024-12-05', 8),
    (201, 3, 3, '2024-12-05', 9),
    (202, 2, 2, '2024-12-05', 10),
    (203, 3, 3, '2024-12-05', 11),
    (204, 2, 2, '2024-12-05', 12),
    (205, 3, 3, '2024-12-05', 13),
    (206, 3, 3, '2024-12-05', 14),
    (207, 3, 3, '2024-12-05', 15),
    (208, 3, 3, '2024-12-05', 16),
    (209, 3, 3, '2024-12-05', 17),
    (210, 3, 3, '2024-12-05', 18),
    (211, 3, 3, '2024-12-05', 19),
    (212, 3, 3, '2024-12-05', 20),
    (213, 3, 3, '2024-12-05', 21),
    (214, 3, 3, '2024-12-05', 22),
    (215, 3, 3, '2024-12-05', 23),
    (216, 3, 3, '2024-12-05', 24),
    (217, 3, 3, '2024-12-06', 1),
    (218, 4, 4, '2024-12-06', 2),
    (219, 3, 3, '2024-12-06', 3),
    (220, 3, 3, '2024-12-06', 4),
    (221, 3, 3, '2024-12-06', 5),
    (222, 3, 3, '2024-12-06', 6),
    (223, 3, 3, '2024-12-06', 7),
    (224, 3, 3, '2024-12-06', 8),
    (225, 3, 3, '2024-12-06', 9),
    (226, 2, 2, '2024-12-06', 10),
    (227, 3, 3, '2024-12-06', 11),
    (228, 2, 2, '2024-12-06', 12),
    (229, 3, 3, '2024-12-06', 13),
    (230, 3, 3, '2024-12-06', 14),
    (231, 3, 3, '2024-12-06', 15),
    (232, 3, 3, '2024-12-06', 16),
    (233, 3, 3, '2024-12-06', 17),
    (234, 3, 3, '2024-12-06', 18),
    (235, 3, 3, '2024-12-06', 19),
    (236, 3, 3, '2024-12-06', 20),
    (237, 3, 3, '2024-12-06', 21),
    (238, 3, 3, '2024-12-06', 22),
    (239, 3, 3, '2024-12-06', 23),
    (240, 3, 3, '2024-12-06', 24),
    (241, 3, 3, '2024-12-07', 1),
    (242, 4, 4, '2024-12-07', 2),
    (243, 3, 3, '2024-12-07', 3),
    (244, 3, 3, '2024-12-07', 4),
    (245, 3, 3, '2024-12-07', 5),
    (246, 3, 3, '2024-12-07', 6),
    (247, 3, 3, '2024-12-07', 7),
    (248, 3, 3, '2024-12-07', 8),
    (249, 3, 3, '2024-12-07', 9),
    (250, 2, 2, '2024-12-07', 10),
    (251, 3, 3, '2024-12-07', 11),
    (252, 2, 2, '2024-12-07', 12),
    (253, 3, 3, '2024-12-07', 13),
    (254, 3, 3, '2024-12-07', 14),
    (255, 3, 3, '2024-12-07', 15),
    (256, 3, 3, '2024-12-07', 16),
    (257, 3, 3, '2024-12-07', 17),
    (258, 3, 3, '2024-12-07', 18),
    (259, 3, 3, '2024-12-07', 19),
    (260, 3, 3, '2024-12-07', 20),
    (261, 3, 3, '2024-12-07', 21),
    (262, 3, 3, '2024-12-07', 22),
    (263, 3, 3, '2024-12-07', 23),
    (264, 3, 3, '2024-12-07', 24),
    (265, 3, 3, '2024-12-08', 1),
    (266, 4, 4, '2024-12-08', 2),
    (267, 3, 3, '2024-12-08', 3),
    (268, 3, 3, '2024-12-08', 4),
    (269, 3, 3, '2024-12-08', 5),
    (270, 3, 3, '2024-12-08', 6),
    (271, 3, 3, '2024-12-08', 7),
    (272, 3, 3, '2024-12-08', 8),
    (273, 3, 3, '2024-12-08', 9),
    (274, 2, 2, '2024-12-08', 10),
    (275, 3, 3, '2024-12-08', 11),
    (276, 2, 2, '2024-12-08', 12),
    (277, 3, 3, '2024-12-08', 13),
    (278, 3, 3, '2024-12-08', 14),
    (279, 3, 3, '2024-12-08', 15),
    (280, 3, 3, '2024-12-08', 16),
    (281, 3, 3, '2024-12-08', 17),
    (282, 3, 3, '2024-12-08', 18),
    (283, 3, 3, '2024-12-08', 19),
    (284, 3, 3, '2024-12-08', 20),
    (285, 3, 3, '2024-12-08', 21),
    (286, 3, 3, '2024-12-08', 22),
    (287, 3, 3, '2024-12-08', 23),
    (288, 3, 3, '2024-12-08', 24),
    (289, 3, 3, '2024-12-09', 1),
    (290, 4, 4, '2024-12-09', 2),
    (291, 3, 3, '2024-12-09', 3),
    (292, 3, 3, '2024-12-09', 4),
    (293, 3, 3, '2024-12-09', 5),
    (294, 3, 3, '2024-12-09', 6),
    (295, 3, 3, '2024-12-09', 7),
    (296, 3, 3, '2024-12-09', 8),
    (297, 3, 3, '2024-12-09', 9),
    (298, 2, 2, '2024-12-09', 10),
    (299, 3, 3, '2024-12-09', 11),
    (300, 2, 2, '2024-12-09', 12),
    (301, 3, 3, '2024-12-09', 13),
    (302, 3, 3, '2024-12-09', 14),
    (303, 3, 3, '2024-12-09', 15),
    (304, 3, 3, '2024-12-09', 16),
    (305, 3, 3, '2024-12-09', 17),
    (306, 3, 3, '2024-12-09', 18),
    (307, 3, 3, '2024-12-09', 19),
    (308, 3, 3, '2024-12-09', 20),
    (309, 3, 3, '2024-12-09', 21),
    (310, 3, 3, '2024-12-09', 22),
    (311, 3, 3, '2024-12-09', 23),
    (312, 3, 3, '2024-12-09', 24);

-- reservation add query
-- INSERT INTO reservations (reservations_id, phone_number, total_price, accommodation_id, check_in_date, check_out_date, room_id)
-- values
--     (1, '010-1234-5678', 75000, 1, '2024-11-27', '2024-11-28', 1),
--     (2, '010-1234-5678', 68000, 2, '2024-11-27', '2024-11-28', 8),
--     (3, '010-1234-5678', 87000, 3, '2024-11-27', '2024-11-28', 15),
--     (4, '010-1234-5678', 78000, 4, '2024-11-27', '2024-11-28', 22);
--
-- -- 방 예약에 따른 room_availability 감소 update query
-- update room_availability set available_count = available_count - 1 where room_id = 1 and date = '2024-11-27';
-- update room_availability set available_count = available_count - 1 where room_id = 8 and date = '2024-11-27';
-- update room_availability set available_count = available_count - 1 where room_id = 15 and date = '2024-11-27';
-- update room_availability set available_count = available_count - 1 where room_id = 22 and date = '2024-11-27';